D_b/2 (m),t_0(s),qw_pp(w/m^2),dtw(K)
0.001132,0.094279,43248.234660,8.164557
Experimental Wall Superheat: 0.110934
U0,Theta,U0*R/t0
0.000010,0.086066,0.000000
0.500010,0.082239,0.006002
1.000010,0.079657,0.012004
1.500010,0.073161,0.018005
2.000010,0.067406,0.024007
2.500010,0.062791,0.030009
3.000010,0.059040,0.036010
3.500010,0.055924,0.042012
4.000010,0.053285,0.048014
4.500010,0.051013,0.054016
5.000010,0.049028,0.060017
5.500010,0.047275,0.066019
6.000010,0.045711,0.072021
6.500010,0.044304,0.078022
7.000010,0.043029,0.084024
7.500010,0.041866,0.090026
8.000010,0.040799,0.096028
8.500010,0.039816,0.102029
9.000010,0.038906,0.108031
9.500010,0.038060,0.114033
10.000010,0.037270,0.120034
10.500010,0.036531,0.126036
11.000010,0.035838,0.132038
11.500010,0.035185,0.138040
12.000010,0.034569,0.144041
12.500010,0.033987,0.150043
13.000010,0.033435,0.156045
13.500010,0.032911,0.162046
14.000010,0.032413,0.168048
14.500010,0.031938,0.174050
15.000010,0.031485,0.180052
15.500010,0.031051,0.186053
16.000010,0.030636,0.192055
16.500010,0.030239,0.198057
17.000010,0.029858,0.204058
17.500010,0.029491,0.210060
18.000010,0.029139,0.216062
18.500010,0.028800,0.222064
19.000010,0.028473,0.228065
19.500010,0.028158,0.234067
20.000010,0.027854,0.240069
20.500010,0.027559,0.246070
21.000010,0.027275,0.252072
21.500010,0.026999,0.258074
22.000010,0.026732,0.264076
22.500010,0.026474,0.270077
23.000010,0.026223,0.276079
23.500010,0.025980,0.282081
24.000010,0.025744,0.288083
24.500010,0.025515,0.294084
25.000010,0.025292,0.300086
25.500010,0.025075,0.306088
26.000010,0.024864,0.312089
26.500010,0.024658,0.318091
27.000010,0.024458,0.324093
27.500010,0.024263,0.330095
28.000010,0.024072,0.336096
28.500010,0.023887,0.342098
29.000010,0.023706,0.348100
29.500010,0.023529,0.354101
30.000010,0.023356,0.360103
30.500010,0.023187,0.366105
31.000010,0.023023,0.372107
31.500010,0.022861,0.378108
32.000010,0.022704,0.384110
32.500010,0.022549,0.390112
33.000010,0.022398,0.396113
33.500010,0.022250,0.402115
34.000010,0.022105,0.408117
34.500010,0.021963,0.414119
35.000010,0.021824,0.420120
35.500010,0.021687,0.426122
36.000010,0.021553,0.432124
36.500010,0.021422,0.438125
37.000010,0.021294,0.444127
37.500010,0.021167,0.450129
38.000010,0.021043,0.456131
38.500010,0.020922,0.462132
39.000010,0.020802,0.468134
39.500010,0.020685,0.474136
40.000010,0.020570,0.480137
40.500010,0.020456,0.486139
41.000010,0.020345,0.492141
41.500010,0.020236,0.498143
42.000010,0.020128,0.504144
42.500010,0.020022,0.510146
43.000010,0.019918,0.516148
43.500010,0.019816,0.522149
44.000010,0.019715,0.528151
44.500010,0.019616,0.534153
45.000010,0.019519,0.540155
================================================================
D_b/2 (m),t_0(s),qw_pp(w/m^2),dtw(K)
0.000828,0.029722,90700.706140,8.734177
Experimental Wall Superheat: 0.077344
U0,Theta,U0*R/t0
0.000010,0.066051,0.000000
0.500010,0.063114,0.013929
1.000010,0.061132,0.027857
1.500010,0.056147,0.041785
2.000010,0.051730,0.055713
2.500010,0.048189,0.069641
3.000010,0.045310,0.083570
3.500010,0.042919,0.097498
4.000010,0.040894,0.111426
4.500010,0.039149,0.125354
5.000010,0.037627,0.139283
5.500010,0.036281,0.153211
6.000010,0.035081,0.167139
6.500010,0.034001,0.181067
7.000010,0.033023,0.194996
7.500010,0.032130,0.208924
8.000010,0.031311,0.222852
8.500010,0.030557,0.236780
9.000010,0.029858,0.250708
9.500010,0.029209,0.264637
10.000010,0.028603,0.278565
10.500010,0.028036,0.292493
11.000010,0.027504,0.306421
11.500010,0.027003,0.320350
12.000010,0.026530,0.334278
12.500010,0.026083,0.348206
13.000010,0.025660,0.362134
13.500010,0.025258,0.376063
14.000010,0.024875,0.389991
14.500010,0.024511,0.403919
15.000010,0.024163,0.417847
15.500010,0.023830,0.431775
16.000010,0.023512,0.445704
16.500010,0.023207,0.459632
17.000010,0.022914,0.473560
17.500010,0.022633,0.487488
18.000010,0.022363,0.501417
18.500010,0.022102,0.515345
19.000010,0.021852,0.529273
19.500010,0.021610,0.543201
20.000010,0.021376,0.557130
20.500010,0.021150,0.571058
21.000010,0.020932,0.584986
21.500010,0.020720,0.598914
22.000010,0.020516,0.612842
22.500010,0.020317,0.626771
23.000010,0.020125,0.640699
23.500010,0.019938,0.654627
24.000010,0.019757,0.668555
24.500010,0.019581,0.682484
25.000010,0.019410,0.696412
25.500010,0.019244,0.710340
26.000010,0.019082,0.724268
26.500010,0.018924,0.738197
27.000010,0.018770,0.752125
27.500010,0.018620,0.766053
28.000010,0.018474,0.779981
28.500010,0.018332,0.793909
29.000010,0.018193,0.807838
29.500010,0.018057,0.821766
30.000010,0.017925,0.835694
30.500010,0.017795,0.849622
31.000010,0.017669,0.863551
31.500010,0.017545,0.877479
32.000010,0.017424,0.891407
32.500010,0.017305,0.905335
33.000010,0.017189,0.919264
33.500010,0.017076,0.933192
34.000010,0.016964,0.947120
34.500010,0.016855,0.961048
35.000010,0.016749,0.974976
35.500010,0.016644,0.988905
36.000010,0.016541,1.002833
36.500010,0.016440,1.016761
37.000010,0.016342,1.030689
37.500010,0.016245,1.044618
38.000010,0.016150,1.058546
38.500010,0.016056,1.072474
39.000010,0.015965,1.086402
39.500010,0.015875,1.100331
40.000010,0.015786,1.114259
40.500010,0.015699,1.128187
41.000010,0.015614,1.142115
41.500010,0.015530,1.156043
42.000010,0.015447,1.169972
42.500010,0.015366,1.183900
43.000010,0.015286,1.197828
43.500010,0.015208,1.211756
44.000010,0.015131,1.225685
44.500010,0.015055,1.239613
45.000010,0.014980,1.253541
================================================================
D_b/2 (m),t_0(s),qw_pp(w/m^2),dtw(K)
0.000716,0.020340,245605.649100,10.000000
Experimental Wall Superheat: 0.037808
U0,Theta,U0*R/t0
0.000010,0.063171,0.000000
0.500010,0.060363,0.017605
1.000010,0.058467,0.035209
1.500010,0.053699,0.052813
2.000010,0.049475,0.070417
2.500010,0.046088,0.088021
3.000010,0.043335,0.105626
3.500010,0.041048,0.123230
4.000010,0.039111,0.140834
4.500010,0.037443,0.158438
5.000010,0.035986,0.176042
5.500010,0.034700,0.193647
6.000010,0.033552,0.211251
6.500010,0.032519,0.228855
7.000010,0.031583,0.246459
7.500010,0.030729,0.264064
8.000010,0.029946,0.281668
8.500010,0.029224,0.299272
9.000010,0.028556,0.316876
9.500010,0.027935,0.334480
10.000010,0.027356,0.352085
10.500010,0.026814,0.369689
11.000010,0.026305,0.387293
11.500010,0.025826,0.404897
12.000010,0.025374,0.422501
12.500010,0.024946,0.440106
13.000010,0.024541,0.457710
13.500010,0.024157,0.475314
14.000010,0.023791,0.492918
14.500010,0.023442,0.510522
15.000010,0.023109,0.528127
15.500010,0.022791,0.545731
16.000010,0.022487,0.563335
16.500010,0.022195,0.580939
17.000010,0.021915,0.598544
17.500010,0.021646,0.616148
18.000010,0.021388,0.633752
18.500010,0.021139,0.651356
19.000010,0.020899,0.668960
19.500010,0.020668,0.686565
20.000010,0.020444,0.704169
20.500010,0.020228,0.721773
21.000010,0.020019,0.739377
21.500010,0.019817,0.756981
22.000010,0.019621,0.774586
22.500010,0.019432,0.792190
23.000010,0.019248,0.809794
23.500010,0.019069,0.827398
24.000010,0.018896,0.845002
24.500010,0.018728,0.862607
25.000010,0.018564,0.880211
25.500010,0.018405,0.897815
26.000010,0.018250,0.915419
26.500010,0.018099,0.933024
27.000010,0.017952,0.950628
27.500010,0.017808,0.968232
28.000010,0.017669,0.985836
28.500010,0.017533,1.003440
29.000010,0.017400,1.021045
29.500010,0.017270,1.038649
30.000010,0.017143,1.056253
30.500010,0.017019,1.073857
31.000010,0.016898,1.091461
31.500010,0.016780,1.109066
32.000010,0.016664,1.126670
32.500010,0.016551,1.144274
33.000010,0.016440,1.161878
33.500010,0.016331,1.179482
34.000010,0.016225,1.197087
34.500010,0.016121,1.214691
35.000010,0.016018,1.232295
35.500010,0.015918,1.249899
36.000010,0.015820,1.267504
36.500010,0.015724,1.285108
37.000010,0.015629,1.302712
37.500010,0.015536,1.320316
38.000010,0.015446,1.337920
38.500010,0.015356,1.355525
39.000010,0.015269,1.373129
39.500010,0.015182,1.390733
40.000010,0.015098,1.408337
40.500010,0.015015,1.425941
41.000010,0.014933,1.443546
41.500010,0.014853,1.461150
42.000010,0.014774,1.478754
42.500010,0.014696,1.496358
43.000010,0.014620,1.513962
43.500010,0.014545,1.531567
44.000010,0.014471,1.549171
44.500010,0.014398,1.566775
45.000010,0.014327,1.584379
================================================================
D_b/2 (m),t_0(s),qw_pp(w/m^2),dtw(K)
0.000638,0.012683,497479.630600,11.518987
Experimental Wall Superheat: 0.024139
U0,Theta,U0*R/t0
0.000010,0.056003,0.000001
0.500010,0.053513,0.025148
1.000010,0.051833,0.050295
1.500010,0.047606,0.075442
2.000010,0.043861,0.100589
2.500010,0.040858,0.125736
3.000010,0.038417,0.150883
3.500010,0.036390,0.176030
4.000010,0.034673,0.201178
4.500010,0.033194,0.226325
5.000010,0.031903,0.251472
5.500010,0.030762,0.276619
6.000010,0.029744,0.301766
6.500010,0.028829,0.326913
7.000010,0.027999,0.352060
7.500010,0.027242,0.377207
8.000010,0.026548,0.402355
8.500010,0.025908,0.427502
9.000010,0.025316,0.452649
9.500010,0.024765,0.477796
10.000010,0.024252,0.502943
10.500010,0.023771,0.528090
11.000010,0.023320,0.553237
11.500010,0.022895,0.578384
12.000010,0.022494,0.603532
12.500010,0.022116,0.628679
13.000010,0.021756,0.653826
13.500010,0.021416,0.678973
14.000010,0.021091,0.704120
14.500010,0.020782,0.729267
15.000010,0.020487,0.754414
15.500010,0.020205,0.779561
16.000010,0.019935,0.804709
16.500010,0.019677,0.829856
17.000010,0.019429,0.855003
17.500010,0.019190,0.880150
18.000010,0.018961,0.905297
18.500010,0.018740,0.930444
19.000010,0.018528,0.955591
19.500010,0.018322,0.980739
20.000010,0.018124,1.005886
20.500010,0.017933,1.031033
21.000010,0.017748,1.056180
21.500010,0.017568,1.081327
22.000010,0.017395,1.106474
22.500010,0.017227,1.131621
23.000010,0.017064,1.156768
23.500010,0.016905,1.181916
24.000010,0.016752,1.207063
24.500010,0.016603,1.232210
25.000010,0.016457,1.257357
25.500010,0.016316,1.282504
26.000010,0.016179,1.307651
26.500010,0.016045,1.332798
27.000010,0.015915,1.357945
27.500010,0.015788,1.383093
28.000010,0.015664,1.408240
28.500010,0.015543,1.433387
29.000010,0.015425,1.458534
29.500010,0.015310,1.483681
30.000010,0.015198,1.508828
30.500010,0.015088,1.533975
31.000010,0.014981,1.559122
31.500010,0.014876,1.584270
32.000010,0.014773,1.609417
32.500010,0.014673,1.634564
33.000010,0.014574,1.659711
33.500010,0.014478,1.684858
34.000010,0.014384,1.710005
34.500010,0.014291,1.735152
35.000010,0.014201,1.760299
35.500010,0.014112,1.785447
36.000010,0.014025,1.810594
36.500010,0.013939,1.835741
37.000010,0.013856,1.860888
37.500010,0.013774,1.886035
38.000010,0.013693,1.911182
38.500010,0.013614,1.936329
39.000010,0.013536,1.961477
39.500010,0.013460,1.986624
40.000010,0.013385,2.011771
40.500010,0.013311,2.036918
41.000010,0.013239,2.062065
41.500010,0.013167,2.087212
42.000010,0.013097,2.112359
42.500010,0.013029,2.137506
43.000010,0.012961,2.162654
43.500010,0.012894,2.187801
44.000010,0.012829,2.212948
44.500010,0.012764,2.238095
45.000010,0.012701,2.263242
================================================================
D_b/2 (m),t_0(s),qw_pp(w/m^2),dtw(K)
0.000474,0.012273,749853.340600,13.354430
Experimental Wall Superheat: 0.024990
U0,Theta,U0*R/t0
0.000010,0.074152,0.000000
0.500010,0.070855,0.019307
1.000010,0.068630,0.038614
1.500010,0.063033,0.057921
2.000010,0.058075,0.077228
2.500010,0.054099,0.096535
3.000010,0.050867,0.115842
3.500010,0.048183,0.135149
4.000010,0.045909,0.154456
4.500010,0.043951,0.173762
5.000010,0.042242,0.193069
5.500010,0.040731,0.212376
6.000010,0.039384,0.231683
6.500010,0.038171,0.250990
7.000010,0.037073,0.270297
7.500010,0.036071,0.289604
8.000010,0.035152,0.308911
8.500010,0.034305,0.328218
9.000010,0.033520,0.347525
9.500010,0.032791,0.366831
10.000010,0.032111,0.386138
10.500010,0.031475,0.405445
11.000010,0.030877,0.424752
11.500010,0.030315,0.444059
12.000010,0.029784,0.463366
12.500010,0.029283,0.482673
13.000010,0.028807,0.501980
13.500010,0.028356,0.521287
14.000010,0.027926,0.540594
14.500010,0.027517,0.559900
15.000010,0.027126,0.579207
15.500010,0.026753,0.598514
16.000010,0.026396,0.617821
16.500010,0.026053,0.637128
17.000010,0.025725,0.656435
17.500010,0.025409,0.675742
18.000010,0.025105,0.695049
18.500010,0.024813,0.714356
19.000010,0.024532,0.733663
19.500010,0.024260,0.752969
20.000010,0.023998,0.772276
20.500010,0.023744,0.791583
21.000010,0.023499,0.810890
21.500010,0.023262,0.830197
22.000010,0.023032,0.849504
22.500010,0.022809,0.868811
23.000010,0.022593,0.888118
23.500010,0.022384,0.907425
24.000010,0.022181,0.926732
24.500010,0.021983,0.946038
25.000010,0.021791,0.965345
25.500010,0.021604,0.984652
26.000010,0.021422,1.003959
26.500010,0.021245,1.023266
27.000010,0.021072,1.042573
27.500010,0.020904,1.061880
28.000010,0.020740,1.081187
28.500010,0.020580,1.100494
29.000010,0.020424,1.119801
29.500010,0.020272,1.139107
30.000010,0.020123,1.158414
30.500010,0.019978,1.177721
31.000010,0.019836,1.197028
31.500010,0.019697,1.216335
32.000010,0.019561,1.235642
32.500010,0.019428,1.254949
33.000010,0.019298,1.274256
33.500010,0.019170,1.293563
34.000010,0.019045,1.312870
34.500010,0.018923,1.332176
35.000010,0.018803,1.351483
35.500010,0.018685,1.370790
36.000010,0.018570,1.390097
36.500010,0.018457,1.409404
37.000010,0.018346,1.428711
37.500010,0.018237,1.448018
38.000010,0.018130,1.467325
38.500010,0.018026,1.486632
39.000010,0.017923,1.505939
39.500010,0.017822,1.525245
40.000010,0.017722,1.544552
40.500010,0.017625,1.563859
41.000010,0.017529,1.583166
41.500010,0.017435,1.602473
42.000010,0.017342,1.621780
42.500010,0.017251,1.641087
43.000010,0.017161,1.660394
43.500010,0.017073,1.679701
44.000010,0.016986,1.699007
44.500010,0.016901,1.718314
45.000010,0.016817,1.737621
================================================================
D_b/2 (m),t_0(s),qw_pp(w/m^2),dtw(K)
0.000362,0.011290,899076.588800,13.417722
Experimental Wall Superheat: 0.027407
U0,Theta,U0*R/t0
0.000010,0.093079,0.000000
0.500010,0.088940,0.016037
1.000010,0.086147,0.032074
1.500010,0.079122,0.048111
2.000010,0.072898,0.064148
2.500010,0.067907,0.080184
3.000010,0.063850,0.096221
3.500010,0.060481,0.112258
4.000010,0.057627,0.128295
4.500010,0.055169,0.144332
5.000010,0.053023,0.160368
5.500010,0.051127,0.176405
6.000010,0.049436,0.192442
6.500010,0.047914,0.208479
7.000010,0.046535,0.224516
7.500010,0.045277,0.240552
8.000010,0.044124,0.256589
8.500010,0.043060,0.272626
9.000010,0.042076,0.288663
9.500010,0.041161,0.304700
10.000010,0.040307,0.320736
10.500010,0.039508,0.336773
11.000010,0.038758,0.352810
11.500010,0.038052,0.368847
12.000010,0.037386,0.384884
12.500010,0.036757,0.400920
13.000010,0.036160,0.416957
13.500010,0.035593,0.432994
14.000010,0.035054,0.449031
14.500010,0.034541,0.465068
15.000010,0.034050,0.481104
15.500010,0.033581,0.497141
16.000010,0.033133,0.513178
16.500010,0.032703,0.529215
17.000010,0.032291,0.545252
17.500010,0.031894,0.561288
18.000010,0.031513,0.577325
18.500010,0.031147,0.593362
19.000010,0.030793,0.609399
19.500010,0.030452,0.625436
20.000010,0.030123,0.641472
20.500010,0.029805,0.657509
21.000010,0.029497,0.673546
21.500010,0.029199,0.689583
22.000010,0.028911,0.705620
22.500010,0.028631,0.721656
23.000010,0.028360,0.737693
23.500010,0.028097,0.753730
24.000010,0.027842,0.769767
24.500010,0.027594,0.785804
25.000010,0.027353,0.801840
25.500010,0.027118,0.817877
26.000010,0.026890,0.833914
26.500010,0.026667,0.849951
27.000010,0.026451,0.865988
27.500010,0.026240,0.882024
28.000010,0.026034,0.898061
28.500010,0.025833,0.914098
29.000010,0.025637,0.930135
29.500010,0.025446,0.946172
30.000010,0.025259,0.962208
30.500010,0.025077,0.978245
31.000010,0.024898,0.994282
31.500010,0.024724,1.010319
32.000010,0.024553,1.026356
32.500010,0.024387,1.042392
33.000010,0.024223,1.058429
33.500010,0.024063,1.074466
34.000010,0.023906,1.090503
34.500010,0.023752,1.106540
35.000010,0.023602,1.122576
35.500010,0.023454,1.138613
36.000010,0.023310,1.154650
36.500010,0.023168,1.170687
37.000010,0.023029,1.186724
37.500010,0.022892,1.202760
38.000010,0.022758,1.218797
38.500010,0.022626,1.234834
39.000010,0.022497,1.250871
39.500010,0.022370,1.266908
40.000010,0.022246,1.282944
40.500010,0.022123,1.298981
41.000010,0.022003,1.315018
41.500010,0.021885,1.331055
42.000010,0.021768,1.347092
42.500010,0.021654,1.363128
43.000010,0.021541,1.379165
43.500010,0.021431,1.395202
44.000010,0.021322,1.411239
44.500010,0.021215,1.427276
45.000010,0.021109,1.443312
================================================================
D_b/2 (m),t_0(s),qw_pp(w/m^2),dtw(K)
0.000433,0.068790,44367.191740,7.721519
Experimental Wall Superheat: 0.267335
U0,Theta,U0*R/t0
0.000010,0.192177,0.000000
0.500010,0.183633,0.003147
1.000010,0.177866,0.006293
1.500010,0.163361,0.009440
2.000010,0.150511,0.012587
2.500010,0.140207,0.015733
3.000010,0.131830,0.018880
3.500010,0.124874,0.022027
4.000010,0.118981,0.025173
4.500010,0.113906,0.028320
5.000010,0.109476,0.031467
5.500010,0.105561,0.034613
6.000010,0.102069,0.037760
6.500010,0.098927,0.040907
7.000010,0.096080,0.044053
7.500010,0.093483,0.047200
8.000010,0.091101,0.050347
8.500010,0.088906,0.053493
9.000010,0.086873,0.056640
9.500010,0.084983,0.059787
10.000010,0.083221,0.062933
10.500010,0.081571,0.066080
11.000010,0.080023,0.069227
11.500010,0.078566,0.072373
12.000010,0.077190,0.075520
12.500010,0.075890,0.078666
13.000010,0.074658,0.081813
13.500010,0.073488,0.084960
14.000010,0.072376,0.088106
14.500010,0.071315,0.091253
15.000010,0.070302,0.094400
15.500010,0.069334,0.097546
16.000010,0.068408,0.100693
16.500010,0.067521,0.103840
17.000010,0.066670,0.106986
17.500010,0.065851,0.110133
18.000010,0.065065,0.113280
18.500010,0.064308,0.116426
19.000010,0.063578,0.119573
19.500010,0.062874,0.122720
20.000010,0.062195,0.125866
20.500010,0.061537,0.129013
21.000010,0.060902,0.132160
21.500010,0.060287,0.135306
22.000010,0.059691,0.138453
22.500010,0.059114,0.141600
23.000010,0.058554,0.144746
23.500010,0.058012,0.147893
24.000010,0.057484,0.151040
24.500010,0.056972,0.154186
25.000010,0.056474,0.157333
25.500010,0.055990,0.160480
26.000010,0.055518,0.163626
26.500010,0.055059,0.166773
27.000010,0.054612,0.169920
27.500010,0.054176,0.173066
28.000010,0.053751,0.176213
28.500010,0.053337,0.179360
29.000010,0.052933,0.182506
29.500010,0.052538,0.185653
30.000010,0.052152,0.188799
30.500010,0.051775,0.191946
31.000010,0.051407,0.195093
31.500010,0.051047,0.198239
32.000010,0.050695,0.201386
32.500010,0.050350,0.204533
33.000010,0.050013,0.207679
33.500010,0.049682,0.210826
34.000010,0.049358,0.213973
34.500010,0.049041,0.217119
35.000010,0.048730,0.220266
35.500010,0.048426,0.223413
36.000010,0.048127,0.226559
36.500010,0.047834,0.229706
37.000010,0.047546,0.232853
37.500010,0.047264,0.235999
38.000010,0.046988,0.239146
38.500010,0.046716,0.242293
39.000010,0.046449,0.245439
39.500010,0.046187,0.248586
40.000010,0.045930,0.251733
40.500010,0.045677,0.254879
41.000010,0.045429,0.258026
41.500010,0.045185,0.261173
42.000010,0.044944,0.264319
42.500010,0.044708,0.267466
43.000010,0.044476,0.270613
43.500010,0.044248,0.273759
44.000010,0.044023,0.276906
44.500010,0.043802,0.280053
45.000010,0.043584,0.283199
================================================================
D_b/2 (m),t_0(s),qw_pp(w/m^2),dtw(K)
0.000511,0.041161,95372.080390,9.367089
Experimental Wall Superheat: 0.127771
U0,Theta,U0*R/t0
0.000010,0.125897,0.000000
0.500010,0.120299,0.006210
1.000010,0.116522,0.012419
1.500010,0.107019,0.018629
2.000010,0.098601,0.024838
2.500010,0.091850,0.031048
3.000010,0.086363,0.037257
3.500010,0.081806,0.043467
4.000010,0.077945,0.049676
4.500010,0.074621,0.055886
5.000010,0.071718,0.062095
5.500010,0.069154,0.068305
6.000010,0.066866,0.074514
6.500010,0.064808,0.080724
7.000010,0.062943,0.086933
7.500010,0.061241,0.093143
8.000010,0.059681,0.099352
8.500010,0.058243,0.105562
9.000010,0.056911,0.111771
9.500010,0.055673,0.117981
10.000010,0.054519,0.124190
10.500010,0.053438,0.130400
11.000010,0.052424,0.136609
11.500010,0.051469,0.142819
12.000010,0.050568,0.149028
12.500010,0.049716,0.155238
13.000010,0.048909,0.161447
13.500010,0.048143,0.167657
14.000010,0.047414,0.173866
14.500010,0.046719,0.180076
15.000010,0.046056,0.186285
15.500010,0.045422,0.192495
16.000010,0.044815,0.198704
16.500010,0.044234,0.204914
17.000010,0.043676,0.211123
17.500010,0.043140,0.217333
18.000010,0.042624,0.223542
18.500010,0.042128,0.229752
19.000010,0.041650,0.235961
19.500010,0.041189,0.242171
20.000010,0.040744,0.248380
20.500010,0.040314,0.254590
21.000010,0.039897,0.260799
21.500010,0.039494,0.267009
22.000010,0.039104,0.273218
22.500010,0.038726,0.279428
23.000010,0.038360,0.285637
23.500010,0.038004,0.291847
24.000010,0.037658,0.298056
24.500010,0.037323,0.304265
25.000010,0.036997,0.310475
25.500010,0.036679,0.316684
26.000010,0.036370,0.322894
26.500010,0.036070,0.329103
27.000010,0.035777,0.335313
27.500010,0.035491,0.341522
28.000010,0.035213,0.347732
28.500010,0.034941,0.353941
29.000010,0.034677,0.360151
29.500010,0.034418,0.366360
30.000010,0.034165,0.372570
30.500010,0.033919,0.378779
31.000010,0.033677,0.384989
31.500010,0.033441,0.391198
32.000010,0.033211,0.397408
32.500010,0.032985,0.403617
33.000010,0.032764,0.409827
33.500010,0.032547,0.416036
34.000010,0.032335,0.422246
34.500010,0.032127,0.428455
35.000010,0.031924,0.434665
35.500010,0.031724,0.440874
36.000010,0.031528,0.447084
36.500010,0.031336,0.453293
37.000010,0.031148,0.459503
37.500010,0.030963,0.465712
38.000010,0.030782,0.471922
38.500010,0.030604,0.478131
39.000010,0.030429,0.484341
39.500010,0.030258,0.490550
40.000010,0.030089,0.496760
40.500010,0.029924,0.502969
41.000010,0.029761,0.509179
41.500010,0.029601,0.515388
42.000010,0.029443,0.521598
42.500010,0.029289,0.527807
43.000010,0.029137,0.534017
43.500010,0.028987,0.540226
44.000010,0.028840,0.546436
44.500010,0.028695,0.552645
45.000010,0.028552,0.558855
================================================================
D_b/2 (m),t_0(s),qw_pp(w/m^2),dtw(K)
0.000534,0.025298,195230.852800,11.708861
Experimental Wall Superheat: 0.074752
U0,Theta,U0*R/t0
0.000010,0.094564,0.000000
0.500010,0.090359,0.010545
1.000010,0.087522,0.021090
1.500010,0.080384,0.031635
2.000010,0.074061,0.042180
2.500010,0.068991,0.052725
3.000010,0.064869,0.063270
3.500010,0.061446,0.073815
4.000010,0.058546,0.084360
4.500010,0.056049,0.094905
5.000010,0.053869,0.105450
5.500010,0.051943,0.115995
6.000010,0.050225,0.126539
6.500010,0.048679,0.137084
7.000010,0.047278,0.147629
7.500010,0.046000,0.158174
8.000010,0.044828,0.168719
8.500010,0.043747,0.179264
9.000010,0.042747,0.189809
9.500010,0.041817,0.200354
10.000010,0.040950,0.210899
10.500010,0.040138,0.221444
11.000010,0.039377,0.231989
11.500010,0.038660,0.242534
12.000010,0.037983,0.253079
12.500010,0.037343,0.263624
13.000010,0.036737,0.274169
13.500010,0.036161,0.284714
14.000010,0.035614,0.295258
14.500010,0.035092,0.305803
15.000010,0.034593,0.316348
15.500010,0.034117,0.326893
16.000010,0.033661,0.337438
16.500010,0.033225,0.347983
17.000010,0.032806,0.358528
17.500010,0.032403,0.369073
18.000010,0.032016,0.379618
18.500010,0.031644,0.390163
19.000010,0.031285,0.400708
19.500010,0.030938,0.411253
20.000010,0.030604,0.421798
20.500010,0.030280,0.432343
21.000010,0.029968,0.442888
21.500010,0.029665,0.453433
22.000010,0.029372,0.463977
22.500010,0.029088,0.474522
23.000010,0.028813,0.485067
23.500010,0.028545,0.495612
24.000010,0.028286,0.506157
24.500010,0.028034,0.516702
25.000010,0.027789,0.527247
25.500010,0.027551,0.537792
26.000010,0.027319,0.548337
26.500010,0.027093,0.558882
27.000010,0.026873,0.569427
27.500010,0.026658,0.579972
28.000010,0.026449,0.590517
28.500010,0.026245,0.601062
29.000010,0.026046,0.611607
29.500010,0.025852,0.622152
30.000010,0.025662,0.632696
30.500010,0.025477,0.643241
31.000010,0.025296,0.653786
31.500010,0.025119,0.664331
32.000010,0.024945,0.674876
32.500010,0.024776,0.685421
33.000010,0.024610,0.695966
33.500010,0.024447,0.706511
34.000010,0.024288,0.717056
34.500010,0.024131,0.727601
35.000010,0.023978,0.738146
35.500010,0.023829,0.748691
36.000010,0.023682,0.759236
36.500010,0.023537,0.769781
37.000010,0.023396,0.780326
37.500010,0.023257,0.790871
38.000010,0.023121,0.801415
38.500010,0.022987,0.811960
39.000010,0.022856,0.822505
39.500010,0.022727,0.833050
40.000010,0.022601,0.843595
40.500010,0.022476,0.854140
41.000010,0.022354,0.864685
41.500010,0.022234,0.875230
42.000010,0.022116,0.885775
42.500010,0.021999,0.896320
43.000010,0.021885,0.906865
43.500010,0.021773,0.917410
44.000010,0.021662,0.927955
44.500010,0.021553,0.938500
45.000010,0.021446,0.949045
================================================================
D_b/2 (m),t_0(s),qw_pp(w/m^2),dtw(K)
0.000584,0.018696,294948.397600,12.215190
Experimental Wall Superheat: 0.047171
U0,Theta,U0*R/t0
0.000010,0.074289,0.000000
0.500010,0.070986,0.015614
1.000010,0.068757,0.031228
1.500010,0.063149,0.046842
2.000010,0.058182,0.062456
2.500010,0.054199,0.078070
3.000010,0.050961,0.093684
3.500010,0.048272,0.109298
4.000010,0.045994,0.124912
4.500010,0.044032,0.140526
5.000010,0.042319,0.156140
5.500010,0.040806,0.171754
6.000010,0.039456,0.187368
6.500010,0.038242,0.202982
7.000010,0.037141,0.218596
7.500010,0.036137,0.234210
8.000010,0.035216,0.249823
8.500010,0.034368,0.265437
9.000010,0.033582,0.281051
9.500010,0.032852,0.296665
10.000010,0.032170,0.312279
10.500010,0.031532,0.327893
11.000010,0.030934,0.343507
11.500010,0.030371,0.359121
12.000010,0.029839,0.374735
12.500010,0.029336,0.390349
13.000010,0.028860,0.405963
13.500010,0.028408,0.421577
14.000010,0.027978,0.437191
14.500010,0.027568,0.452805
15.000010,0.027176,0.468419
15.500010,0.026802,0.484033
16.000010,0.026444,0.499647
16.500010,0.026101,0.515261
17.000010,0.025772,0.530874
17.500010,0.025456,0.546488
18.000010,0.025152,0.562102
18.500010,0.024859,0.577716
19.000010,0.024577,0.593330
19.500010,0.024305,0.608944
20.000010,0.024042,0.624558
20.500010,0.023788,0.640172
21.000010,0.023542,0.655786
21.500010,0.023305,0.671400
22.000010,0.023074,0.687014
22.500010,0.022851,0.702628
23.000010,0.022635,0.718242
23.500010,0.022425,0.733856
24.000010,0.022221,0.749470
24.500010,0.022023,0.765084
25.000010,0.021831,0.780698
25.500010,0.021644,0.796312
26.000010,0.021461,0.811926
26.500010,0.021284,0.827539
27.000010,0.021111,0.843153
27.500010,0.020943,0.858767
28.000010,0.020778,0.874381
28.500010,0.020618,0.889995
29.000010,0.020462,0.905609
29.500010,0.020309,0.921223
30.000010,0.020160,0.936837
30.500010,0.020014,0.952451
31.000010,0.019872,0.968065
31.500010,0.019733,0.983679
32.000010,0.019597,0.999293
32.500010,0.019464,1.014907
33.000010,0.019333,1.030521
33.500010,0.019205,1.046135
34.000010,0.019080,1.061749
34.500010,0.018958,1.077363
35.000010,0.018837,1.092977
35.500010,0.018720,1.108591
36.000010,0.018604,1.124204
36.500010,0.018491,1.139818
37.000010,0.018380,1.155432
37.500010,0.018271,1.171046
38.000010,0.018164,1.186660
38.500010,0.018059,1.202274
39.000010,0.017956,1.217888
39.500010,0.017854,1.233502
40.000010,0.017755,1.249116
40.500010,0.017657,1.264730
41.000010,0.017561,1.280344
41.500010,0.017467,1.295958
42.000010,0.017374,1.311572
42.500010,0.017283,1.327186
43.000010,0.017193,1.342800
43.500010,0.017105,1.358414
44.000010,0.017018,1.374028
44.500010,0.016932,1.389642
45.000010,0.016848,1.405255
================================================================
D_b/2 (m),t_0(s),qw_pp(w/m^2),dtw(K)
0.000537,0.014559,498077.132000,13.037975
Experimental Wall Superheat: 0.032400
U0,Theta,U0*R/t0
0.000010,0.071240,0.000000
0.500010,0.068073,0.018452
1.000010,0.065935,0.036903
1.500010,0.060558,0.055354
2.000010,0.055794,0.073805
2.500010,0.051974,0.092256
3.000010,0.048869,0.110707
3.500010,0.046291,0.129158
4.000010,0.044106,0.147609
4.500010,0.042225,0.166061
5.000010,0.040583,0.184512
5.500010,0.039132,0.202963
6.000010,0.037837,0.221414
6.500010,0.036672,0.239865
7.000010,0.035617,0.258316
7.500010,0.034654,0.276767
8.000010,0.033771,0.295219
8.500010,0.032957,0.313670
9.000010,0.032204,0.332121
9.500010,0.031503,0.350572
10.000010,0.030850,0.369023
10.500010,0.030238,0.387474
11.000010,0.029665,0.405925
11.500010,0.029124,0.424376
12.000010,0.028614,0.442828
12.500010,0.028132,0.461279
13.000010,0.027676,0.479730
13.500010,0.027242,0.498181
14.000010,0.026830,0.516632
14.500010,0.026436,0.535083
15.000010,0.026061,0.553534
15.500010,0.025702,0.571986
16.000010,0.025359,0.590437
16.500010,0.025030,0.608888
17.000010,0.024714,0.627339
17.500010,0.024411,0.645790
18.000010,0.024119,0.664241
18.500010,0.023839,0.682692
19.000010,0.023568,0.701144
19.500010,0.023307,0.719595
20.000010,0.023055,0.738046
20.500010,0.022812,0.756497
21.000010,0.022576,0.774948
21.500010,0.022348,0.793399
22.000010,0.022127,0.811850
22.500010,0.021914,0.830301
23.000010,0.021706,0.848753
23.500010,0.021505,0.867204
24.000010,0.021309,0.885655
24.500010,0.021120,0.904106
25.000010,0.020935,0.922557
25.500010,0.020755,0.941008
26.000010,0.020581,0.959459
26.500010,0.020410,0.977911
27.000010,0.020245,0.996362
27.500010,0.020083,1.014813
28.000010,0.019926,1.033264
28.500010,0.019772,1.051715
29.000010,0.019622,1.070166
29.500010,0.019476,1.088617
30.000010,0.019333,1.107069
30.500010,0.019193,1.125520
31.000010,0.019057,1.143971
31.500010,0.018923,1.162422
32.000010,0.018793,1.180873
32.500010,0.018665,1.199324
33.000010,0.018540,1.217775
33.500010,0.018417,1.236226
34.000010,0.018297,1.254678
34.500010,0.018180,1.273129
35.000010,0.018064,1.291580
35.500010,0.017951,1.310031
36.000010,0.017841,1.328482
36.500010,0.017732,1.346933
37.000010,0.017625,1.365384
37.500010,0.017521,1.383836
38.000010,0.017418,1.402287
38.500010,0.017318,1.420738
39.000010,0.017219,1.439189
39.500010,0.017122,1.457640
40.000010,0.017026,1.476091
40.500010,0.016933,1.494542
41.000010,0.016840,1.512994
41.500010,0.016750,1.531445
42.000010,0.016661,1.549896
42.500010,0.016573,1.568347
43.000010,0.016487,1.586798
43.500010,0.016403,1.605249
44.000010,0.016319,1.623700
44.500010,0.016237,1.642151
45.000010,0.016156,1.660603
================================================================
D_b/2 (m),t_0(s),qw_pp(w/m^2),dtw(K)
0.000386,0.010908,898913.633900,14.177215
Experimental Wall Superheat: 0.027148
U0,Theta,U0*R/t0
0.000010,0.085752,0.000000
0.500010,0.081940,0.017710
1.000010,0.079366,0.035419
1.500010,0.072894,0.053129
2.000010,0.067160,0.070838
2.500010,0.062562,0.088548
3.000010,0.058825,0.106257
3.500010,0.055720,0.123967
4.000010,0.053091,0.141676
4.500010,0.050827,0.159385
5.000010,0.048850,0.177095
5.500010,0.047103,0.194804
6.000010,0.045545,0.212514
6.500010,0.044143,0.230223
7.000010,0.042872,0.247933
7.500010,0.041713,0.265642
8.000010,0.040651,0.283352
8.500010,0.039671,0.301061
9.000010,0.038764,0.318770
9.500010,0.037921,0.336480
10.000010,0.037134,0.354189
10.500010,0.036398,0.371899
11.000010,0.035708,0.389608
11.500010,0.035057,0.407318
12.000010,0.034443,0.425027
12.500010,0.033863,0.442737
13.000010,0.033314,0.460446
13.500010,0.032791,0.478155
14.000010,0.032295,0.495865
14.500010,0.031822,0.513574
15.000010,0.031370,0.531284
15.500010,0.030938,0.548993
16.000010,0.030525,0.566703
16.500010,0.030129,0.584412
17.000010,0.029749,0.602122
17.500010,0.029384,0.619831
18.000010,0.029033,0.637541
18.500010,0.028695,0.655250
19.000010,0.028369,0.672959
19.500010,0.028055,0.690669
20.000010,0.027752,0.708378
20.500010,0.027459,0.726088
21.000010,0.027175,0.743797
21.500010,0.026901,0.761507
22.000010,0.026635,0.779216
22.500010,0.026378,0.796926
23.000010,0.026128,0.814635
23.500010,0.025886,0.832344
24.000010,0.025650,0.850054
24.500010,0.025422,0.867763
25.000010,0.025200,0.885473
25.500010,0.024983,0.903182
26.000010,0.024773,0.920892
26.500010,0.024568,0.938601
27.000010,0.024369,0.956311
27.500010,0.024174,0.974020
28.000010,0.023985,0.991730
28.500010,0.023800,1.009439
29.000010,0.023619,1.027148
29.500010,0.023443,1.044858
30.000010,0.023271,1.062567
30.500010,0.023103,1.080277
31.000010,0.022939,1.097986
31.500010,0.022778,1.115696
32.000010,0.022621,1.133405
32.500010,0.022467,1.151115
33.000010,0.022316,1.168824
33.500010,0.022169,1.186533
34.000010,0.022024,1.204243
34.500010,0.021883,1.221952
35.000010,0.021744,1.239662
35.500010,0.021608,1.257371
36.000010,0.021475,1.275081
36.500010,0.021344,1.292790
37.000010,0.021216,1.310500
37.500010,0.021090,1.328209
38.000010,0.020967,1.345919
38.500010,0.020845,1.363628
39.000010,0.020726,1.381337
39.500010,0.020609,1.399047
40.000010,0.020495,1.416756
40.500010,0.020382,1.434466
41.000010,0.020271,1.452175
41.500010,0.020162,1.469885
42.000010,0.020055,1.487594
42.500010,0.019949,1.505304
43.000010,0.019846,1.523013
43.500010,0.019744,1.540722
44.000010,0.019644,1.558432
44.500010,0.019545,1.576141
45.000010,0.019448,1.593851
================================================================
D_b/2 (m),t_0(s),qw_pp(w/m^2),dtw(K)
0.000392,0.025909,44617.055950,6.898734
Experimental Wall Superheat: 0.262353
U0,Theta,U0*R/t0
0.000010,0.130276,0.000000
0.500010,0.124484,0.007564
1.000010,0.120575,0.015127
1.500010,0.110742,0.022691
2.000010,0.102030,0.030254
2.500010,0.095045,0.037818
3.000010,0.089367,0.045382
3.500010,0.084651,0.052945
4.000010,0.080657,0.060509
4.500010,0.077217,0.068072
5.000010,0.074213,0.075636
5.500010,0.071560,0.083199
6.000010,0.069192,0.090763
6.500010,0.067062,0.098327
7.000010,0.065132,0.105890
7.500010,0.063372,0.113454
8.000010,0.061757,0.121017
8.500010,0.060269,0.128581
9.000010,0.058891,0.136144
9.500010,0.057610,0.143708
10.000010,0.056415,0.151272
10.500010,0.055297,0.158835
11.000010,0.054248,0.166399
11.500010,0.053260,0.173962
12.000010,0.052327,0.181526
12.500010,0.051446,0.189090
13.000010,0.050610,0.196653
13.500010,0.049817,0.204217
14.000010,0.049063,0.211780
14.500010,0.048344,0.219344
15.000010,0.047658,0.226907
15.500010,0.047002,0.234471
16.000010,0.046374,0.242035
16.500010,0.045772,0.249598
17.000010,0.045195,0.257162
17.500010,0.044640,0.264725
18.000010,0.044107,0.272289
18.500010,0.043594,0.279852
19.000010,0.043099,0.287416
19.500010,0.042622,0.294980
20.000010,0.042161,0.302543
20.500010,0.041716,0.310107
21.000010,0.041285,0.317670
21.500010,0.040868,0.325234
22.000010,0.040464,0.332797
22.500010,0.040073,0.340361
23.000010,0.039694,0.347925
23.500010,0.039326,0.355488
24.000010,0.038968,0.363052
24.500010,0.038621,0.370615
25.000010,0.038284,0.378179
25.500010,0.037955,0.385742
26.000010,0.037636,0.393306
26.500010,0.037324,0.400870
27.000010,0.037021,0.408433
27.500010,0.036726,0.415997
28.000010,0.036438,0.423560
28.500010,0.036157,0.431124
29.000010,0.035883,0.438687
29.500010,0.035615,0.446251
30.000010,0.035354,0.453815
30.500010,0.035098,0.461378
31.000010,0.034849,0.468942
31.500010,0.034605,0.476505
32.000010,0.034366,0.484069
32.500010,0.034132,0.491632
33.000010,0.033904,0.499196
33.500010,0.033679,0.506760
34.000010,0.033460,0.514323
34.500010,0.033245,0.521887
35.000010,0.033034,0.529450
35.500010,0.032827,0.537014
36.000010,0.032625,0.544577
36.500010,0.032426,0.552141
37.000010,0.032232,0.559705
37.500010,0.032040,0.567268
38.000010,0.031853,0.574832
38.500010,0.031669,0.582395
39.000010,0.031488,0.589959
39.500010,0.031310,0.597523
40.000010,0.031136,0.605086
40.500010,0.030964,0.612650
41.000010,0.030796,0.620213
41.500010,0.030630,0.627777
42.000010,0.030468,0.635340
42.500010,0.030308,0.642904
43.000010,0.030150,0.650468
43.500010,0.029995,0.658031
44.000010,0.029843,0.665595
44.500010,0.029693,0.673158
45.000010,0.029545,0.680722
================================================================
D_b/2 (m),t_0(s),qw_pp(w/m^2),dtw(K)
0.000461,0.056502,95665.399240,8.607595
Experimental Wall Superheat: 0.129829
U0,Theta,U0*R/t0
0.000010,0.163606,0.000000
0.500010,0.156332,0.004078
1.000010,0.151423,0.008157
1.500010,0.139074,0.012235
2.000010,0.128134,0.016313
2.500010,0.119362,0.020392
3.000010,0.112231,0.024470
3.500010,0.106309,0.028548
4.000010,0.101292,0.032627
4.500010,0.096972,0.036705
5.000010,0.093200,0.040783
5.500010,0.089868,0.044862
6.000010,0.086895,0.048940
6.500010,0.084220,0.053018
7.000010,0.081796,0.057097
7.500010,0.079585,0.061175
8.000010,0.077557,0.065253
8.500010,0.075688,0.069332
9.000010,0.073958,0.073410
9.500010,0.072349,0.077488
10.000010,0.070848,0.081567
10.500010,0.069444,0.085645
11.000010,0.068126,0.089723
11.500010,0.066886,0.093802
12.000010,0.065715,0.097880
12.500010,0.064608,0.101958
13.000010,0.063559,0.106037
13.500010,0.062563,0.110115
14.000010,0.061615,0.114193
14.500010,0.060713,0.118272
15.000010,0.059850,0.122350
15.500010,0.059026,0.126428
16.000010,0.058238,0.130507
16.500010,0.057483,0.134585
17.000010,0.056758,0.138663
17.500010,0.056061,0.142742
18.000010,0.055392,0.146820
18.500010,0.054747,0.150898
19.000010,0.054126,0.154977
19.500010,0.053527,0.159055
20.000010,0.052948,0.163134
20.500010,0.052388,0.167212
21.000010,0.051847,0.171290
21.500010,0.051324,0.175369
22.000010,0.050817,0.179447
22.500010,0.050325,0.183525
23.000010,0.049849,0.187604
23.500010,0.049387,0.191682
24.000010,0.048938,0.195760
24.500010,0.048502,0.199839
25.000010,0.048078,0.203917
25.500010,0.047666,0.207995
26.000010,0.047264,0.212074
26.500010,0.046873,0.216152
27.000010,0.046493,0.220230
27.500010,0.046122,0.224309
28.000010,0.045760,0.228387
28.500010,0.045407,0.232465
29.000010,0.045063,0.236544
29.500010,0.044727,0.240622
30.000010,0.044399,0.244700
30.500010,0.044078,0.248779
31.000010,0.043764,0.252857
31.500010,0.043458,0.256935
32.000010,0.043158,0.261014
32.500010,0.042865,0.265092
33.000010,0.042577,0.269170
33.500010,0.042296,0.273249
34.000010,0.042020,0.277327
34.500010,0.041750,0.281405
35.000010,0.041486,0.285484
35.500010,0.041226,0.289562
36.000010,0.040972,0.293640
36.500010,0.040722,0.297719
37.000010,0.040478,0.301797
37.500010,0.040238,0.305875
38.000010,0.040002,0.309954
38.500010,0.039771,0.314032
39.000010,0.039544,0.318110
39.500010,0.039321,0.322189
40.000010,0.039102,0.326267
40.500010,0.038886,0.330345
41.000010,0.038675,0.334424
41.500010,0.038467,0.338502
42.000010,0.038263,0.342580
42.500010,0.038062,0.346659
43.000010,0.037864,0.350737
43.500010,0.037669,0.354815
44.000010,0.037478,0.358894
44.500010,0.037290,0.362972
45.000010,0.037104,0.367050
================================================================
D_b/2 (m),t_0(s),qw_pp(w/m^2),dtw(K)
0.000425,0.021505,292982.075000,9.303797
Experimental Wall Superheat: 0.049634
U0,Theta,U0*R/t0
0.000010,0.109333,0.000000
0.500010,0.104473,0.009892
1.000010,0.101192,0.019784
1.500010,0.092939,0.029677
2.000010,0.085629,0.039569
2.500010,0.079766,0.049461
3.000010,0.075001,0.059353
3.500010,0.071043,0.069245
4.000010,0.067691,0.079137
4.500010,0.064804,0.089029
5.000010,0.062283,0.098921
5.500010,0.060056,0.108813
6.000010,0.058069,0.118706
6.500010,0.056282,0.128598
7.000010,0.054662,0.138490
7.500010,0.053184,0.148382
8.000010,0.051829,0.158274
8.500010,0.050580,0.168166
9.000010,0.049424,0.178058
9.500010,0.048349,0.187950
10.000010,0.047346,0.197842
10.500010,0.046408,0.207734
11.000010,0.045527,0.217627
11.500010,0.044698,0.227519
12.000010,0.043915,0.237411
12.500010,0.043176,0.247303
13.000010,0.042474,0.257195
13.500010,0.041809,0.267087
14.000010,0.041176,0.276979
14.500010,0.040573,0.286871
15.000010,0.039996,0.296763
15.500010,0.039446,0.306656
16.000010,0.038919,0.316548
16.500010,0.038414,0.326440
17.000010,0.037930,0.336332
17.500010,0.037464,0.346224
18.000010,0.037017,0.356116
18.500010,0.036586,0.366008
19.000010,0.036171,0.375900
19.500010,0.035770,0.385792
20.000010,0.035384,0.395685
20.500010,0.035010,0.405577
21.000010,0.034648,0.415469
21.500010,0.034298,0.425361
22.000010,0.033959,0.435253
22.500010,0.033631,0.445145
23.000010,0.033313,0.455037
23.500010,0.033004,0.464929
24.000010,0.032704,0.474821
24.500010,0.032413,0.484714
25.000010,0.032129,0.494606
25.500010,0.031854,0.504498
26.000010,0.031585,0.514390
26.500010,0.031324,0.524282
27.000010,0.031070,0.534174
27.500010,0.030822,0.544066
28.000010,0.030580,0.553958
28.500010,0.030344,0.563850
29.000010,0.030114,0.573743
29.500010,0.029890,0.583635
30.000010,0.029670,0.593527
30.500010,0.029456,0.603419
31.000010,0.029247,0.613311
31.500010,0.029042,0.623203
32.000010,0.028841,0.633095
32.500010,0.028645,0.642987
33.000010,0.028453,0.652879
33.500010,0.028265,0.662772
34.000010,0.028081,0.672664
34.500010,0.027901,0.682556
35.000010,0.027724,0.692448
35.500010,0.027550,0.702340
36.000010,0.027380,0.712232
36.500010,0.027214,0.722124
37.000010,0.027050,0.732016
37.500010,0.026890,0.741908
38.000010,0.026732,0.751801
38.500010,0.026578,0.761693
39.000010,0.026426,0.771585
39.500010,0.026277,0.781477
40.000010,0.026131,0.791369
40.500010,0.025987,0.801261
41.000010,0.025845,0.811153
41.500010,0.025706,0.821045
42.000010,0.025570,0.830937
42.500010,0.025435,0.840830
43.000010,0.025303,0.850722
43.500010,0.025173,0.860614
44.000010,0.025045,0.870506
44.500010,0.024920,0.880398
45.000010,0.024796,0.890290
================================================================
D_b/2 (m),t_0(s),qw_pp(w/m^2),dtw(K)
0.000414,0.015068,495904.399800,10.949367
Experimental Wall Superheat: 0.035442
U0,Theta,U0*R/t0
0.000010,0.093987,0.000000
0.500010,0.089808,0.013748
1.000010,0.086988,0.027495
1.500010,0.079894,0.041243
2.000010,0.073609,0.054991
2.500010,0.068570,0.068738
3.000010,0.064473,0.082486
3.500010,0.061071,0.096233
4.000010,0.058189,0.109981
4.500010,0.055707,0.123729
5.000010,0.053541,0.137476
5.500010,0.051626,0.151224
6.000010,0.049918,0.164971
6.500010,0.048382,0.178719
7.000010,0.046989,0.192466
7.500010,0.045719,0.206214
8.000010,0.044554,0.219962
8.500010,0.043480,0.233709
9.000010,0.042486,0.247457
9.500010,0.041562,0.261204
10.000010,0.040700,0.274952
10.500010,0.039894,0.288700
11.000010,0.039137,0.302447
11.500010,0.038424,0.316195
12.000010,0.037751,0.329942
12.500010,0.037115,0.343690
13.000010,0.036513,0.357437
13.500010,0.035940,0.371185
14.000010,0.035396,0.384933
14.500010,0.034878,0.398680
15.000010,0.034382,0.412428
15.500010,0.033909,0.426175
16.000010,0.033456,0.439923
16.500010,0.033022,0.453671
17.000010,0.032606,0.467418
17.500010,0.032206,0.481166
18.000010,0.031821,0.494913
18.500010,0.031450,0.508661
19.000010,0.031094,0.522408
19.500010,0.030749,0.536156
20.000010,0.030417,0.549904
20.500010,0.030096,0.563651
21.000010,0.029785,0.577399
21.500010,0.029484,0.591146
22.000010,0.029193,0.604894
22.500010,0.028910,0.618641
23.000010,0.028637,0.632389
23.500010,0.028371,0.646137
24.000010,0.028113,0.659884
24.500010,0.027863,0.673632
25.000010,0.027619,0.687379
25.500010,0.027383,0.701127
26.000010,0.027152,0.714875
26.500010,0.026927,0.728622
27.000010,0.026709,0.742370
27.500010,0.026496,0.756117
28.000010,0.026288,0.769865
28.500010,0.026085,0.783612
29.000010,0.025887,0.797360
29.500010,0.025694,0.811108
30.000010,0.025506,0.824855
30.500010,0.025321,0.838603
31.000010,0.025141,0.852350
31.500010,0.024965,0.866098
32.000010,0.024793,0.879846
32.500010,0.024624,0.893593
33.000010,0.024459,0.907341
33.500010,0.024298,0.921088
34.000010,0.024139,0.934836
34.500010,0.023984,0.948583
35.000010,0.023832,0.962331
35.500010,0.023683,0.976079
36.000010,0.023537,0.989826
36.500010,0.023394,1.003574
37.000010,0.023253,1.017321
37.500010,0.023115,1.031069
38.000010,0.022980,1.044817
38.500010,0.022847,1.058564
39.000010,0.022717,1.072312
39.500010,0.022589,1.086059
40.000010,0.022463,1.099807
40.500010,0.022339,1.113554
41.000010,0.022218,1.127302
41.500010,0.022098,1.141050
42.000010,0.021981,1.154797
42.500010,0.021865,1.168545
43.000010,0.021752,1.182292
43.500010,0.021640,1.196040
44.000010,0.021530,1.209788
44.500010,0.021422,1.223535
45.000010,0.021315,1.237283
================================================================
D_b/2 (m),t_0(s),qw_pp(w/m^2),dtw(K)
0.000416,0.012099,698772.406300,12.594937
Experimental Wall Superheat: 0.028803
U0,Theta,U0*R/t0
0.000010,0.083845,0.000000
0.500010,0.080118,0.017197
1.000010,0.077601,0.034394
1.500010,0.071273,0.051591
2.000010,0.065666,0.068789
2.500010,0.061171,0.085986
3.000010,0.057517,0.103183
3.500010,0.054481,0.120380
4.000010,0.051910,0.137577
4.500010,0.049696,0.154774
5.000010,0.047763,0.171971
5.500010,0.046056,0.189168
6.000010,0.044532,0.206365
6.500010,0.043161,0.223562
7.000010,0.041919,0.240759
7.500010,0.040786,0.257956
8.000010,0.039747,0.275153
8.500010,0.038789,0.292350
9.000010,0.037902,0.309547
9.500010,0.037078,0.326744
10.000010,0.036309,0.343941
10.500010,0.035589,0.361138
11.000010,0.034914,0.378335
11.500010,0.034278,0.395532
12.000010,0.033678,0.412730
12.500010,0.033110,0.429927
13.000010,0.032573,0.447124
13.500010,0.032062,0.464321
14.000010,0.031577,0.481518
14.500010,0.031114,0.498715
15.000010,0.030672,0.515912
15.500010,0.030250,0.533109
16.000010,0.029846,0.550306
16.500010,0.029459,0.567503
17.000010,0.029087,0.584700
17.500010,0.028730,0.601897
18.000010,0.028387,0.619094
18.500010,0.028057,0.636291
19.000010,0.027739,0.653488
19.500010,0.027431,0.670685
20.000010,0.027135,0.687882
20.500010,0.026848,0.705079
21.000010,0.026571,0.722276
21.500010,0.026303,0.739473
22.000010,0.026043,0.756670
22.500010,0.025791,0.773868
23.000010,0.025547,0.791065
23.500010,0.025310,0.808262
24.000010,0.025080,0.825459
24.500010,0.024856,0.842656
25.000010,0.024639,0.859853
25.500010,0.024428,0.877050
26.000010,0.024222,0.894247
26.500010,0.024022,0.911444
27.000010,0.023827,0.928641
27.500010,0.023637,0.945838
28.000010,0.023451,0.963035
28.500010,0.023270,0.980232
29.000010,0.023094,0.997429
29.500010,0.022922,1.014626
30.000010,0.022754,1.031823
30.500010,0.022589,1.049020
31.000010,0.022429,1.066217
31.500010,0.022271,1.083414
32.000010,0.022118,1.100611
32.500010,0.021967,1.117808
33.000010,0.021820,1.135006
33.500010,0.021676,1.152203
34.000010,0.021535,1.169400
34.500010,0.021396,1.186597
35.000010,0.021261,1.203794
35.500010,0.021128,1.220991
36.000010,0.020997,1.238188
36.500010,0.020869,1.255385
37.000010,0.020744,1.272582
37.500010,0.020621,1.289779
38.000010,0.020500,1.306976
38.500010,0.020382,1.324173
39.000010,0.020265,1.341370
39.500010,0.020151,1.358567
40.000010,0.020039,1.375764
40.500010,0.019929,1.392961
41.000010,0.019820,1.410158
41.500010,0.019714,1.427355
42.000010,0.019609,1.444552
42.500010,0.019506,1.461749
43.000010,0.019405,1.478946
43.500010,0.019305,1.496144
44.000010,0.019207,1.513341
44.500010,0.019110,1.530538
45.000010,0.019015,1.547735
================================================================
D_b/2 (m),t_0(s),qw_pp(w/m^2),dtw(K)
0.000439,0.013076,901499.185200,13.354430
Experimental Wall Superheat: 0.022465
U0,Theta,U0*R/t0
0.000010,0.082719,0.000000
0.500010,0.079042,0.016768
1.000010,0.076559,0.033535
1.500010,0.070316,0.050303
2.000010,0.064785,0.067070
2.500010,0.060349,0.083838
3.000010,0.056744,0.100605
3.500010,0.053750,0.117373
4.000010,0.051213,0.134140
4.500010,0.049029,0.150907
5.000010,0.047122,0.167675
5.500010,0.045437,0.184442
6.000010,0.043934,0.201210
6.500010,0.042582,0.217977
7.000010,0.041356,0.234745
7.500010,0.040238,0.251512
8.000010,0.039213,0.268280
8.500010,0.038268,0.285047
9.000010,0.037393,0.301815
9.500010,0.036580,0.318582
10.000010,0.035821,0.335350
10.500010,0.035111,0.352117
11.000010,0.034445,0.368884
11.500010,0.033817,0.385652
12.000010,0.033225,0.402419
12.500010,0.032666,0.419187
13.000010,0.032135,0.435954
13.500010,0.031632,0.452722
14.000010,0.031153,0.469489
14.500010,0.030696,0.486257
15.000010,0.030260,0.503024
15.500010,0.029844,0.519792
16.000010,0.029445,0.536559
16.500010,0.029063,0.553327
17.000010,0.028697,0.570094
17.500010,0.028345,0.586861
18.000010,0.028006,0.603629
18.500010,0.027680,0.620396
19.000010,0.027366,0.637164
19.500010,0.027063,0.653931
20.000010,0.026771,0.670699
20.500010,0.026488,0.687466
21.000010,0.026214,0.704234
21.500010,0.025949,0.721001
22.000010,0.025693,0.737769
22.500010,0.025445,0.754536
23.000010,0.025204,0.771304
23.500010,0.024970,0.788071
24.000010,0.024743,0.804838
24.500010,0.024523,0.821606
25.000010,0.024308,0.838373
25.500010,0.024100,0.855141
26.000010,0.023897,0.871908
26.500010,0.023699,0.888676
27.000010,0.023507,0.905443
27.500010,0.023319,0.922211
28.000010,0.023136,0.938978
28.500010,0.022958,0.955746
29.000010,0.022784,0.972513
29.500010,0.022614,0.989281
30.000010,0.022448,1.006048
30.500010,0.022286,1.022815
31.000010,0.022127,1.039583
31.500010,0.021972,1.056350
32.000010,0.021821,1.073118
32.500010,0.021672,1.089885
33.000010,0.021527,1.106653
33.500010,0.021385,1.123420
34.000010,0.021245,1.140188
34.500010,0.021109,1.156955
35.000010,0.020975,1.173723
35.500010,0.020844,1.190490
36.000010,0.020715,1.207257
36.500010,0.020589,1.224025
37.000010,0.020466,1.240792
37.500010,0.020344,1.257560
38.000010,0.020225,1.274327
38.500010,0.020108,1.291095
39.000010,0.019993,1.307862
39.500010,0.019881,1.324630
40.000010,0.019770,1.341397
40.500010,0.019661,1.358165
41.000010,0.019554,1.374932
41.500010,0.019449,1.391700
42.000010,0.019346,1.408467
42.500010,0.019244,1.425234
43.000010,0.019144,1.442002
43.500010,0.019046,1.458769
44.000010,0.018949,1.475537
44.500010,0.018854,1.492304
45.000010,0.018760,1.509072
================================================================
